{"class_name": "Sequential", "config": {"name": "sequential_1", "layers": [{"class_name": "KerasLayer", "config": {"name": "keras_layer_1", "trainable": false, "batch_input_shape": [null, 224, 224, 3], "dtype": "float32", "handle": "https://tfhub.dev/google/tf2-preview/mobilenet_v2/feature_vector/2"}}, {"class_name": "Dense", "config": {"name": "dense", "trainable": true, "dtype": "float32", "units": 3, "activation": "softmax", "use_bias": true, "kernel_initializer": {"class_name": "GlorotUniform", "config": {"seed": null, "dtype": "float32"}}, "bias_initializer": {"class_name": "Zeros", "config": {"dtype": "float32"}}, "kernel_regularizer": null, "bias_regularizer": null, "activity_regularizer": null, "kernel_constraint": null, "bias_constraint": null}}]}, "keras_version": "2.2.4-tf", "backend": "tensorflow"}